{
 "actions": [],
 "allow_rename": 1,
 "creation": "2024-10-08 19:51:50.854896",
 "doctype": "DocType",
 "editable_grid": 1,
 "engine": "InnoDB",
 "field_order": [
  "source_doctype",
  "source_id",
  "role",
  "sub_skill_contribution",
  "diminishing_returns_factor"
 ],
 "fields": [
  {
   "fieldname": "source_doctype",
   "fieldtype": "Link",
   "in_list_view": 1,
   "label": "Source Doctype",
   "link_filters": "[[\"DocType\",\"module\",\"=\",\"Nucta\"],[\"DocType\",\"name\",\"in\",[\"Academic Course\",\"Extra Course\",\"Club\"]]]",
   "options": "DocType"
  },
  {
   "fetch_from": "sub_skill.skill_group",
   "fieldname": "source_id",
   "fieldtype": "Data",
   "in_list_view": 1,
   "label": "Source ID"
  },
  {
   "fieldname": "role",
   "fieldtype": "Data",
   "in_list_view": 1,
   "label": "Role"
  },
  {
   "fieldname": "sub_skill_contribution",
   "fieldtype": "Float",
   "in_list_view": 1,
   "label": "Contribution"
  },
  {
   "fieldname": "diminishing_returns_factor",
   "fieldtype": "Float",
   "in_list_view": 1,
   "label": "Diminishing Return Factor"
  }
 ],
 "index_web_pages_for_search": 1,
 "istable": 1,
 "links": [],
 "modified": "2024-10-08 20:42:08.124509",
 "modified_by": "Administrator",
 "module": "Nucta",
 "name": "Sub-Skill Contributors",
 "owner": "Administrator",
 "permissions": [],
 "sort_field": "modified",
 "sort_order": "DESC",
 "states": []
}