{
 "actions": [],
 "allow_rename": 1,
 "creation": "2024-10-14 01:02:14.018842",
 "doctype": "DocType",
 "editable_grid": 1,
 "engine": "InnoDB",
 "field_order": [
  "skill_group",
  "current_skill_group_total",
  "current_adjusted_total",
  "previous_total",
  "previous_adjusted_total"
 ],
 "fields": [
  {
   "fieldname": "skill_group",
   "fieldtype": "Link",
   "in_list_view": 1,
   "label": "Skill Group",
   "options": "Skill Group"
  },
  {
   "fieldname": "previous_total",
   "fieldtype": "Float",
   "in_list_view": 1,
   "label": "Previous Total"
  },
  {
   "fieldname": "current_skill_group_total",
   "fieldtype": "Float",
   "in_list_view": 1,
   "label": "Current Skill Group Total"
  },
  {
   "fieldname": "current_adjusted_total",
   "fieldtype": "Float",
   "in_list_view": 1,
   "label": "Current Adjusted Total"
  },
  {
   "fieldname": "previous_adjusted_total",
   "fieldtype": "Float",
   "in_list_view": 1,
   "label": "Previous Adjusted Total"
  }
 ],
 "index_web_pages_for_search": 1,
 "istable": 1,
 "links": [],
 "modified": "2024-10-14 01:13:09.510657",
 "modified_by": "Administrator",
 "module": "Nucta",
 "name": "Skill Groups Totals",
 "owner": "Administrator",
 "permissions": [],
 "sort_field": "modified",
 "sort_order": "DESC",
 "states": []
}