{
 "actions": [],
 "allow_rename": 1,
 "creation": "2024-10-15 11:24:21.102144",
 "doctype": "DocType",
 "editable_grid": 1,
 "engine": "InnoDB",
 "field_order": [
  "skill_group",
  "value"
 ],
 "fields": [
  {
   "fieldname": "skill_group",
   "fieldtype": "Link",
   "in_list_view": 1,
   "label": "Skill Group",
   "options": "Skill Group"
  },
  {
   "fieldname": "value",
   "fieldtype": "Float",
   "in_list_view": 1,
   "label": "Value"
  }
 ],
 "index_web_pages_for_search": 1,
 "istable": 1,
 "links": [],
 "modified": "2024-10-15 11:24:21.102144",
 "modified_by": "Administrator",
 "module": "Nucta",
 "name": "Market Requirement Stats",
 "owner": "Administrator",
 "permissions": [],
 "sort_field": "modified",
 "sort_order": "DESC",
 "states": []
}